{
  "hash": "91fab123",
  "browserHash": "16638576",
  "optimized": {
    "@angular/common": {
      "src": "../../../../../node_modules/@angular/common/fesm2022/common.mjs",
      "file": "@angular_common.js",
      "fileHash": "445227ed",
      "needsInterop": false
    },
    "@angular/common/http": {
      "src": "../../../../../node_modules/@angular/common/fesm2022/http.mjs",
      "file": "@angular_common_http.js",
      "fileHash": "964dab4a",
      "needsInterop": false
    },
    "@angular/core": {
      "src": "../../../../../node_modules/@angular/core/fesm2022/core.mjs",
      "file": "@angular_core.js",
      "fileHash": "4384886e",
      "needsInterop": false
    },
    "@angular/material/card": {
      "src": "../../../../../node_modules/@angular/material/fesm2022/card.mjs",
      "file": "@angular_material_card.js",
      "fileHash": "106d4eb1",
      "needsInterop": false
    },
    "@angular/material/icon": {
      "src": "../../../../../node_modules/@angular/material/fesm2022/icon.mjs",
      "file": "@angular_material_icon.js",
      "fileHash": "6ada6011",
      "needsInterop": false
    },
    "@angular/platform-browser": {
      "src": "../../../../../node_modules/@angular/platform-browser/fesm2022/platform-browser.mjs",
      "file": "@angular_platform-browser.js",
      "fileHash": "edc84f36",
      "needsInterop": false
    },
    "@angular/platform-browser/animations": {
      "src": "../../../../../node_modules/@angular/platform-browser/fesm2022/animations.mjs",
      "file": "@angular_platform-browser_animations.js",
      "fileHash": "703f9eae",
      "needsInterop": false
    },
    "@angular/router": {
      "src": "../../../../../node_modules/@angular/router/fesm2022/router.mjs",
      "file": "@angular_router.js",
      "fileHash": "f343e3d3",
      "needsInterop": false
    }
  },
  "chunks": {
    "chunk-Y7ARLJW7": {
      "file": "chunk-Y7ARLJW7.js"
    },
    "chunk-Z4XJL5UZ": {
      "file": "chunk-Z4XJL5UZ.js"
    },
    "chunk-ERLH4ADR": {
      "file": "chunk-ERLH4ADR.js"
    },
    "chunk-NQUZXEUC": {
      "file": "chunk-NQUZXEUC.js"
    },
    "chunk-UBVXDGTI": {
      "file": "chunk-UBVXDGTI.js"
    },
    "chunk-EIPX36HT": {
      "file": "chunk-EIPX36HT.js"
    }
  }
}